txn_id,date,description,amount,category,type
1,2026-03-28,BESCOM  ELECTRICITY*13,643.19,Utilities,Expense
2,2026-03-28,UDEMY  COURSE  PAY,1342.21,Education,Expense
3,2026-03-28,BMTC BUS PASS,786.25,Transport,Expense
4,2026-03-28,MYNTRA DESIGNS,3085.35,Shopping,Expense
5,2026-03-29,DMART RETAIL*13,3403.71,Groceries,Expense
6,2026-03-30,MORE SUPERMARKET,886.89,Groceries,Expense
7,2026-03-30,NYKAA FASHION,1660.36,Shopping,Expense
418,2026-03-30,NETFLIX.COM,649.0,Entertainment,Expense
419,2026-03-30,SPOTIFY PREMIUM,119.0,Entertainment,Expense
8,2026-03-31,UBER TRIP HELP.UBER.COM,570.07,Transport,Expense
9,2026-03-31,NOBROKER RENT PAY TXN877572,10371.4,Rent & Housing,Expense
411,2026-03-31,NESTAWAY PROPERTY,11147.26,Rent & Housing,Expense
10,2026-04-01,FLIPKART INTERNET,2389.14,Shopping,Expense
11,2026-04-02,ACT FIBERNET REF#2824,1603.31,Utilities,Expense
12,2026-04-02,ACT FIBERNET,402.19,Utilities,Expense
13,2026-04-03,BIGBASKET ONLINE,508.17,Groceries,Expense
14,2026-04-04,ZEPTO INSTANT,2489.55,Groceries,Expense
15,2026-04-04,DMART RETAIL,1708.49,Groceries,Expense
16,2026-04-04,IRCTC_RAIL_TICKET,153.73,Transport,Expense
17,2026-04-04,SWIGGY BANGALORE,644.69,Food & Dining,Expense
18,2026-04-05,DOMINOS PIZZA,828.77,Food & Dining,Expense
19,2026-04-05,NOBROKER RENT PAY,13299.09,Rent & Housing,Expense
20,2026-04-06,BESCOM ELECTRICITY,2433.09,Utilities,Expense
21,2026-04-06,HOUSING RENT NEFT,21177.26,Rent & Housing,Expense
22,2026-04-07,ACT FIBERNET,731.16,Utilities,Expense
23,2026-04-07,MAKEMYTRIP_BOOKING,1859.32,Travel,Expense
24,2026-04-07,1MG HEALTHCARE REF#2824,1436.26,Health,Expense
25,2026-04-07,DOMINOS PIZZA,527.55,Food & Dining,Expense
26,2026-04-08,ACT FIBERNET REF#2824,918.06,Utilities,Expense
27,2026-04-08,BLINKIT GROCERY,2036.63,Groceries,Expense
28,2026-04-09,NYKAA FASHION TXN877572,557.84,Shopping,Expense
29,2026-04-10,OLA CABS BANGALORE,743.14,Transport,Expense
30,2026-04-10,SWIGGY BANGALORE*13,877.54,Food & Dining,Expense
31,2026-04-10,DMART RETAIL,2632.82,Groceries,Expense
32,2026-04-11,AMZN MKTP US*2K3,756.17,Shopping,Expense
33,2026-04-11,NOBROKER RENT PAY,22672.76,Rent & Housing,Expense
34,2026-04-12,ZOMATO  ORDER,442.08,Food & Dining,Expense
35,2026-04-12,BIGBASKET ONLINE,1340.59,Groceries,Expense
36,2026-04-13,ACT FIBERNET,1869.14,Utilities,Expense
37,2026-04-13,DOMINOS PIZZA TXN877572,936.86,Food & Dining,Expense
38,2026-04-13,AJIO TRENDS,2894.13,Shopping,Expense
39,2026-04-13,ACT FIBERNET TXN877572,1996.13,Utilities,Expense
40,2026-04-14,BMTC BUS PASS,71.61,Transport,Expense
41,2026-04-14,COURSERA  SUBSCRIP,2064.43,Education,Expense
42,2026-04-16,BURGER KING IND,1098.32,Food & Dining,Expense
43,2026-04-16,UBER TRIP HELP.UBER.COM,261.9,Transport,Expense
44,2026-04-17,MORE SUPERMARKET,546.34,Groceries,Expense
45,2026-04-17,CCD CAFE COFFEE DAY,418.73,Food & Dining,Expense
46,2026-04-18,STARBUCKS  COFFEE,1081.81,Food & Dining,Expense
47,2026-04-18,MCDONALDS IN,693.28,Food & Dining,Expense
48,2026-04-18,1MG HEALTHCARE,3268.27,Health,Expense
49,2026-04-18,ACT  FIBERNET,2271.4,Utilities,Expense
50,2026-04-18,NESTAWAY PROPERTY,13406.06,Rent & Housing,Expense
51,2026-04-18,ZEPTO INSTANT,652.17,Groceries,Expense
52,2026-04-19,CCD_CAFE_COFFEE_DAY,661.82,Food & Dining,Expense
53,2026-04-19,JIO FIBER RECHARGE,1218.3,Utilities,Expense
54,2026-04-19,SWIGGY BANGALORE,344.32,Food & Dining,Expense
55,2026-04-19,ZOMATO ORDER,231.85,Food & Dining,Expense
56,2026-04-20,HOUSING RENT NEFT,16819.44,Rent & Housing,Expense
57,2026-04-20,RAPIDO BIKE TAXI,647.57,Transport,Expense
58,2026-04-21,BURGER KING IND,646.97,Food & Dining,Expense
59,2026-04-21,CULT FIT GYM REF#2824,1343.34,Health,Expense
60,2026-04-21,HOUSING RENT NEFT REF#2824,12842.29,Rent & Housing,Expense
61,2026-04-23,PRACTO CONSULT REF#2824,1258.86,Health,Expense
62,2026-04-23,HOUSING RENT NEFT,23440.52,Rent & Housing,Expense
63,2026-04-24,UBER TRIP HELP.UBER.COM,466.03,Transport,Expense
64,2026-04-25,SALARY NEFT,98257.31,Income,Income
65,2026-04-25,NYKAA FASHION,1965.36,Shopping,Expense
66,2026-04-25,NETFLIX.COM,1003.61,Entertainment,Expense
67,2026-04-25,SPOTIFY PREMIUM,1005.27,Entertainment,Expense
68,2026-04-26,BESCOM ELECTRICITY,710.34,Utilities,Expense
69,2026-04-26,ACT FIBERNET REF#2824,389.71,Utilities,Expense
70,2026-04-26,SPOTIFY PREMIUM,947.71,Entertainment,Expense
71,2026-04-27,DMART RETAIL,1938.7,Groceries,Expense
72,2026-04-28,FLIPKART INTERNET,3516.5,Shopping,Expense
73,2026-04-28,SWIGGY BANGALORE,525.41,Food & Dining,Expense
74,2026-04-29,PRACTO CONSULT*13,1496.05,Health,Expense
420,2026-04-29,NETFLIX.COM,649.0,Entertainment,Expense
421,2026-04-29,SPOTIFY PREMIUM,119.0,Entertainment,Expense
412,2026-04-30,NESTAWAY PROPERTY,17212.32,Rent & Housing,Expense
75,2026-05-01,RELIANCE_FRESH,2076.64,Groceries,Expense
76,2026-05-01,RAPIDO BIKE TAXI,2627.5,Transport,Expense
77,2026-05-01,NETFLIX.COM TXN877572,476.5,Entertainment,Expense
78,2026-05-01,NYKAA  FASHION,646.89,Shopping,Expense
79,2026-05-02,ACT FIBERNET,1712.47,Utilities,Expense
80,2026-05-02,CULT FIT GYM,519.73,Health,Expense
81,2026-05-02,FLIPKART INTERNET,975.82,Shopping,Expense
82,2026-05-02,BIGBASKET ONLINE*13,3175.37,Groceries,Expense
83,2026-05-02,ZOMATO ORDER,767.07,Food & Dining,Expense
84,2026-05-02,MYNTRA_DESIGNS,244.15,Shopping,Expense
85,2026-05-02,NETFLIX.COM,286.99,Entertainment,Expense
86,2026-05-02,AJIO TRENDS,3384.81,Shopping,Expense
87,2026-05-04,DMART_RETAIL,2514.06,Groceries,Expense
88,2026-05-05,PRACTO CONSULT,1101.55,Health,Expense
89,2026-05-05,UDEMY_COURSE_PAY,5218.3,Education,Expense
90,2026-05-06,MORE SUPERMARKET,1476.69,Groceries,Expense
91,2026-05-06,RELIANCE FRESH,1148.65,Groceries,Expense
92,2026-05-06,MCDONALDS IN,368.39,Food & Dining,Expense
93,2026-05-06,SPOTIFY PREMIUM,1463.56,Entertainment,Expense
94,2026-05-06,AMZN MKTP US*2K3,2086.87,Shopping,Expense
95,2026-05-07,NYKAA FASHION,2564.08,Shopping,Expense
96,2026-05-07,MCDONALDS IN,314.77,Food & Dining,Expense
97,2026-05-07,BYJUS LEARNING,10975.56,Education,Expense
98,2026-05-07,PRACTO CONSULT,1266.93,Health,Expense
99,2026-05-09,APOLLO PHARMACY,3727.61,Health,Expense
100,2026-05-09,BESCOM_ELECTRICITY,1242.01,Utilities,Expense
101,2026-05-09,PRACTO CONSULT TXN877572,3873.29,Health,Expense
102,2026-05-09,BMTC BUS PASS,869.08,Transport,Expense
103,2026-05-09,DMART RETAIL,3029.63,Groceries,Expense
104,2026-05-09,RAPIDO BIKE TAXI*13,300.28,Transport,Expense
105,2026-05-10,MORE SUPERMARKET*13,2081.76,Groceries,Expense
106,2026-05-10,BMTC BUS PASS REF#2824,845.73,Transport,Expense
107,2026-05-10,BOOKMYSHOW_EVENT,1089.64,Entertainment,Expense
108,2026-05-11,JIO FIBER RECHARGE,1653.02,Utilities,Expense
109,2026-05-12,DIVIDEND ACH,110189.85,Income,Income
110,2026-05-12,ZOMATO ORDER*13,914.85,Food & Dining,Expense
111,2026-05-13,ZOMATO ORDER TXN877572,990.3,Food & Dining,Expense
112,2026-05-13,UBER TRIP HELP.UBER.COM REF#2824,738.6,Transport,Expense
113,2026-05-13,SPOTIFY_PREMIUM*13,1320.55,Entertainment,Expense
114,2026-05-14,BURGER_KING_IND_TXN877572,872.16,Food & Dining,Expense
115,2026-05-14,FLIPKART INTERNET,4019.8,Shopping,Expense
116,2026-05-14,DOMINOS PIZZA,1079.01,Food & Dining,Expense
117,2026-05-14,1MG_HEALTHCARE,1484.38,Health,Expense
118,2026-05-15,PRACTO CONSULT,2397.46,Health,Expense
119,2026-05-16,RAPIDO BIKE TAXI,511.25,Transport,Expense
120,2026-05-17,SPOTIFY PREMIUM,200.42,Entertainment,Expense
121,2026-05-17,SWIGGY BANGALORE,1004.86,Food & Dining,Expense
122,2026-05-18,ZEPTO INSTANT,1971.18,Groceries,Expense
123,2026-05-19,COURSERA SUBSCRIP TXN877572,1737.54,Education,Expense
124,2026-05-19,DMART RETAIL,465.38,Groceries,Expense
125,2026-05-20,1MG HEALTHCARE TXN877572,3908.24,Health,Expense
126,2026-05-20,REDBUS_TICKET_TXN877572,10809.71,Travel,Expense
127,2026-05-20,UBER TRIP HELP.UBER.COM,324.51,Transport,Expense
128,2026-05-21,UBER TRIP HELP.UBER.COM,116.69,Transport,Expense
129,2026-05-21,RAPIDO BIKE TAXI*13,71.55,Transport,Expense
130,2026-05-22,AMZN MKTP US*2K3,950.9,Shopping,Expense
131,2026-05-22,HOUSING RENT NEFT,12254.13,Rent & Housing,Expense
132,2026-05-22,APOLLO PHARMACY TXN877572,2287.06,Health,Expense
133,2026-05-22,HOTSTAR DISNEY,1114.7,Entertainment,Expense
134,2026-05-23,MCDONALDS IN,372.5,Food & Dining,Expense
135,2026-05-23,BLINKIT GROCERY,1439.11,Groceries,Expense
136,2026-05-23,CCD CAFE COFFEE DAY,933.63,Food & Dining,Expense
137,2026-05-23,DOMINOS PIZZA,115.83,Food & Dining,Expense
138,2026-05-23,GOIBIBO FLIGHT,3205.38,Travel,Expense
139,2026-05-23,AJIO TRENDS TXN877572,420.81,Shopping,Expense
140,2026-05-24,COURSERA SUBSCRIP,7375.52,Education,Expense
141,2026-05-24,PESU FEE PAYMENT,1918.6,Education,Expense
142,2026-05-25,CASH DEPOSIT,74708.13,Income,Income
143,2026-05-25,BOOKMYSHOW EVENT,687.98,Entertainment,Expense
144,2026-05-26,RELIANCE FRESH,1498.76,Groceries,Expense
145,2026-05-26,AJIO TRENDS,3204.13,Shopping,Expense
146,2026-05-27,SWIGGY BANGALORE,177.63,Food & Dining,Expense
147,2026-05-27,HOUSING RENT NEFT,18921.13,Rent & Housing,Expense
148,2026-05-27,FLIPKART INTERNET,327.25,Shopping,Expense
149,2026-05-28,BESCOM ELECTRICITY,1715.23,Utilities,Expense
150,2026-05-28,ZEPTO  INSTANT,1766.41,Groceries,Expense
151,2026-05-28,JIO FIBER RECHARGE,1500.36,Utilities,Expense
152,2026-05-29,BESCOM ELECTRICITY TXN877572,452.59,Utilities,Expense
153,2026-05-29,BIGBASKET ONLINE,622.49,Groceries,Expense
154,2026-05-29,FLIPKART INTERNET REF#2824,287.46,Shopping,Expense
155,2026-05-29,BWSSB WATER BOARD,507.77,Utilities,Expense
422,2026-05-29,NETFLIX.COM,649.0,Entertainment,Expense
423,2026-05-29,SPOTIFY PREMIUM,119.0,Entertainment,Expense
156,2026-05-30,BIGBASKET ONLINE,3003.6,Groceries,Expense
157,2026-05-30,MYNTRA DESIGNS,311.71,Shopping,Expense
158,2026-05-31,MYNTRA DESIGNS,3544.34,Shopping,Expense
159,2026-05-31,MYNTRA DESIGNS,3218.93,Shopping,Expense
413,2026-05-31,NESTAWAY PROPERTY,22840.08,Rent & Housing,Expense
160,2026-06-01,CULT FIT GYM*13,3052.34,Health,Expense
161,2026-06-01,REDBUS TICKET,16329.86,Travel,Expense
162,2026-06-01,DMART RETAIL,3469.62,Groceries,Expense
163,2026-06-01,AIRTEL POSTPAID,1207.76,Utilities,Expense
164,2026-06-02,NYKAA_FASHION,4667.64,Shopping,Expense
165,2026-06-02,FLIPKART INTERNET,4320.38,Shopping,Expense
166,2026-06-03,IRCTC RAIL TICKET REF#2824,817.17,Transport,Expense
167,2026-06-03,1MG  HEALTHCARE,2119.96,Health,Expense
168,2026-06-03,BOOKMYSHOW EVENT,5834.61,Entertainment,Expense
169,2026-06-04,MYNTRA DESIGNS,252.02,Shopping,Expense
170,2026-06-04,BWSSB WATER BOARD,2291.84,Utilities,Expense
171,2026-06-06,UBER TRIP HELP.UBER.COM,329.36,Transport,Expense
172,2026-06-06,SWIGGY  BANGALORE,839.77,Food & Dining,Expense
173,2026-06-06,DOMINOS PIZZA,927.61,Food & Dining,Expense
174,2026-06-06,FLIPKART INTERNET,3999.58,Shopping,Expense
175,2026-06-06,PESU FEE PAYMENT,11949.46,Education,Expense
176,2026-06-06,MORE SUPERMARKET,591.86,Groceries,Expense
177,2026-06-07,BESCOM ELECTRICITY TXN877572,1508.96,Utilities,Expense
178,2026-06-08,APOLLO PHARMACY,743.37,Health,Expense
179,2026-06-08,PRACTO CONSULT,3093.74,Health,Expense
180,2026-06-08,BMTC BUS PASS,575.49,Transport,Expense
181,2026-06-11,APOLLO  PHARMACY,3323.07,Health,Expense
182,2026-06-12,APOLLO PHARMACY,522.38,Health,Expense
183,2026-06-13,UBER_TRIP_HELP.UBER.COM_REF#2824,120.98,Transport,Expense
184,2026-06-13,BOOKMYSHOW EVENT,1199.15,Entertainment,Expense
185,2026-06-13,BMTC BUS PASS,524.64,Transport,Expense
186,2026-06-13,ZEPTO INSTANT,1657.51,Groceries,Expense
187,2026-06-13,BWSSB WATER BOARD TXN877572,2293.98,Utilities,Expense
188,2026-06-13,STARBUCKS COFFEE,222.32,Food & Dining,Expense
189,2026-06-13,RAPIDO BIKE TAXI,468.73,Transport,Expense
190,2026-06-15,ACT FIBERNET,561.4,Utilities,Expense
191,2026-06-17,CULT FIT GYM,1285.71,Health,Expense
192,2026-06-17,DMART RETAIL TXN877572,3079.52,Groceries,Expense
193,2026-06-17,CCD CAFE COFFEE DAY,345.96,Food & Dining,Expense
194,2026-06-17,IRCTC RAIL TICKET,868.74,Transport,Expense
195,2026-06-19,AMZN MKTP US*2K3,4477.49,Shopping,Expense
196,2026-06-20,ZEPTO INSTANT TXN877572,3401.77,Groceries,Expense
197,2026-06-20,HOTSTAR DISNEY,856.18,Entertainment,Expense
198,2026-06-20,APOLLO PHARMACY,2591.71,Health,Expense
199,2026-06-21,CCD CAFE COFFEE DAY,409.06,Food & Dining,Expense
200,2026-06-21,CCD CAFE COFFEE DAY TXN877572,1145.45,Food & Dining,Expense
201,2026-06-21,STARBUCKS COFFEE,1079.29,Food & Dining,Expense
202,2026-06-21,MORE SUPERMARKET,1758.1,Groceries,Expense
203,2026-06-21,NETFLIX.COM,987.18,Entertainment,Expense
204,2026-06-22,MYNTRA_DESIGNS,2425.75,Shopping,Expense
205,2026-06-23,ACT FIBERNET,2443.67,Utilities,Expense
206,2026-06-23,SALARY NEFT,118896.86,Income,Income
207,2026-06-24,PVR CINEMAS*13,1248.62,Entertainment,Expense
208,2026-06-24,STARBUCKS COFFEE,853.2,Food & Dining,Expense
209,2026-06-25,BURGER KING IND,1144.78,Food & Dining,Expense
210,2026-06-25,RELIANCE FRESH,2622.3,Groceries,Expense
211,2026-06-26,MYNTRA DESIGNS,326.56,Shopping,Expense
212,2026-06-26,UDEMY COURSE PAY,5958.72,Education,Expense
213,2026-06-26,RAPIDO BIKE TAXI,738.97,Transport,Expense
214,2026-06-26,CCD CAFE COFFEE DAY,1186.0,Food & Dining,Expense
215,2026-06-27,FLIPKART INTERNET REF#2824,4223.98,Shopping,Expense
216,2026-06-27,BURGER KING IND,615.56,Food & Dining,Expense
217,2026-06-27,HOTSTAR DISNEY,710.01,Entertainment,Expense
218,2026-06-27,DIVIDEND_ACH*13,61872.57,Income,Income
219,2026-06-28,APOLLO PHARMACY,3122.15,Health,Expense
220,2026-06-28,BURGER KING IND*13,1139.24,Food & Dining,Expense
221,2026-06-28,BMTC BUS PASS,772.2,Transport,Expense
222,2026-06-28,BYJUS LEARNING,4086.55,Education,Expense
223,2026-06-28,SWIGGY BANGALORE TXN877572,595.6,Food & Dining,Expense
414,2026-06-28,NOBROKER RENT PAY,20447.82,Rent & Housing,Expense
424,2026-06-28,NETFLIX.COM,649.0,Entertainment,Expense
425,2026-06-28,SPOTIFY PREMIUM,119.0,Entertainment,Expense
224,2026-06-30,HOTSTAR DISNEY REF#2824,1056.8,Entertainment,Expense
225,2026-06-30,BMTC BUS PASS,575.41,Transport,Expense
226,2026-07-01,HOTSTAR DISNEY,1056.62,Entertainment,Expense
227,2026-07-02,CCD CAFE COFFEE DAY TXN877572,717.03,Food & Dining,Expense
228,2026-07-02,COURSERA SUBSCRIP*13,13211.48,Education,Expense
229,2026-07-02,ZEPTO INSTANT TXN877572,1591.15,Groceries,Expense
230,2026-07-02,IRCTC RAIL TICKET,163.91,Transport,Expense
231,2026-07-04,ACT FIBERNET,332.0,Utilities,Expense
232,2026-07-04,FLIPKART INTERNET,1882.82,Shopping,Expense
233,2026-07-04,FREELANCE PAYOUT,87193.41,Income,Income
234,2026-07-04,BMTC BUS PASS,383.41,Transport,Expense
235,2026-07-05,OLA CABS BANGALORE REF#2824,578.77,Transport,Expense
236,2026-07-05,BYJUS LEARNING,13004.27,Education,Expense
237,2026-07-05,MYNTRA DESIGNS TXN877572,4757.7,Shopping,Expense
238,2026-07-05,PRACTO CONSULT,758.88,Health,Expense
239,2026-07-05,BOOKMYSHOW EVENT,1400.89,Entertainment,Expense
240,2026-07-06,PRACTO CONSULT*13,1944.72,Health,Expense
241,2026-07-07,UDEMY COURSE PAY*13,3982.11,Education,Expense
242,2026-07-07,RAPIDO BIKE TAXI,114.48,Transport,Expense
243,2026-07-07,BIGBASKET ONLINE TXN877572,712.42,Groceries,Expense
244,2026-07-09,DIVIDEND ACH REF#2824,91269.98,Income,Income
245,2026-07-10,AIRTEL POSTPAID REF#2824,2272.93,Utilities,Expense
246,2026-07-11,CULT FIT GYM,1295.77,Health,Expense
247,2026-07-11,CCD_CAFE_COFFEE_DAY,285.83,Food & Dining,Expense
248,2026-07-11,ZOMATO ORDER,406.45,Food & Dining,Expense
249,2026-07-12,CULT FIT GYM,658.42,Health,Expense
250,2026-07-13,PVR CINEMAS TXN877572,641.76,Entertainment,Expense
251,2026-07-14,CCD CAFE COFFEE DAY,979.35,Food & Dining,Expense
252,2026-07-14,BMTC BUS PASS,583.72,Transport,Expense
253,2026-07-16,MYNTRA DESIGNS,1529.01,Shopping,Expense
254,2026-07-16,ZEPTO INSTANT,2879.84,Groceries,Expense
255,2026-07-17,STARBUCKS COFFEE,507.52,Food & Dining,Expense
256,2026-07-17,AJIO_TRENDS,2525.71,Shopping,Expense
257,2026-07-18,DMART RETAIL,1107.8,Groceries,Expense
258,2026-07-18,CULT FIT GYM*13,2910.73,Health,Expense
259,2026-07-18,NOBROKER RENT PAY*13,23218.52,Rent & Housing,Expense
260,2026-07-18,AJIO TRENDS,2656.05,Shopping,Expense
261,2026-07-19,NYKAA FASHION,2756.56,Shopping,Expense
262,2026-07-19,OLA_CABS_BANGALORE,256.1,Transport,Expense
263,2026-07-20,BLINKIT GROCERY TXN877572,364.23,Groceries,Expense
264,2026-07-21,PVR CINEMAS,592.12,Entertainment,Expense
265,2026-07-23,MAKEMYTRIP BOOKING,11205.02,Travel,Expense
266,2026-07-23,GOIBIBO FLIGHT,12149.98,Travel,Expense
267,2026-07-23,ZEPTO INSTANT,2685.41,Groceries,Expense
268,2026-07-23,DOMINOS PIZZA,574.83,Food & Dining,Expense
269,2026-07-23,RAPIDO BIKE TAXI,158.44,Transport,Expense
270,2026-07-24,BOOKMYSHOW EVENT,1021.99,Entertainment,Expense
271,2026-07-25,RELIANCE FRESH,625.7,Groceries,Expense
272,2026-07-25,AMZN MKTP US*2K3,933.72,Shopping,Expense
273,2026-07-25,AMZN MKTP US*2K3,1380.6,Shopping,Expense
274,2026-07-25,MORE SUPERMARKET,814.18,Groceries,Expense
275,2026-07-26,PRACTO CONSULT,3607.71,Health,Expense
276,2026-07-26,MYNTRA DESIGNS,585.12,Shopping,Expense
277,2026-07-27,SWIGGY BANGALORE,537.64,Food & Dining,Expense
278,2026-07-27,RAPIDO BIKE TAXI,874.05,Transport,Expense
279,2026-07-27,NYKAA FASHION*13,4354.43,Shopping,Expense
280,2026-07-28,OLA CABS BANGALORE,618.35,Transport,Expense
281,2026-07-28,IRCTC RAIL TICKET REF#2824,839.97,Transport,Expense
426,2026-07-28,NETFLIX.COM,649.0,Entertainment,Expense
427,2026-07-28,SPOTIFY PREMIUM,119.0,Entertainment,Expense
282,2026-07-29,AIRBNB STAY,15620.37,Travel,Expense
283,2026-07-29,MCDONALDS IN,305.75,Food & Dining,Expense
415,2026-07-29,HOUSING  RENT  NEFT  TXN877572,21711.54,Rent & Housing,Expense
284,2026-07-30,GOIBIBO FLIGHT,5605.78,Travel,Expense
285,2026-07-30,NESTAWAY  PROPERTY,9952.23,Rent & Housing,Expense
286,2026-07-31,PVR CINEMAS,358.39,Entertainment,Expense
287,2026-07-31,NYKAA FASHION,2509.47,Shopping,Expense
288,2026-08-01,CULT FIT GYM,1479.1,Health,Expense
289,2026-08-02,AJIO TRENDS,4951.81,Shopping,Expense
290,2026-08-03,DIVIDEND ACH TXN877572,94520.22,Income,Income
291,2026-08-03,RELIANCE FRESH,2732.73,Groceries,Expense
292,2026-08-04,RELIANCE FRESH,1416.38,Groceries,Expense
293,2026-08-04,1MG HEALTHCARE,3732.21,Health,Expense
294,2026-08-05,MYNTRA DESIGNS TXN877572,3708.16,Shopping,Expense
295,2026-08-05,GOIBIBO_FLIGHT,18828.47,Travel,Expense
296,2026-08-06,NESTAWAY  PROPERTY  TXN877572,20599.05,Rent & Housing,Expense
297,2026-08-07,NESTAWAY PROPERTY,21519.54,Rent & Housing,Expense
298,2026-08-07,OLA CABS BANGALORE,221.38,Transport,Expense
299,2026-08-08,BMTC BUS PASS,742.39,Transport,Expense
300,2026-08-09,1MG HEALTHCARE,1632.39,Health,Expense
301,2026-08-09,BMTC_BUS_PASS,443.28,Transport,Expense
302,2026-08-09,OLA CABS BANGALORE,306.17,Transport,Expense
303,2026-08-09,NYKAA FASHION,3788.53,Shopping,Expense
304,2026-08-09,NYKAA_FASHION,2613.06,Shopping,Expense
305,2026-08-09,AIRBNB STAY,5412.04,Travel,Expense
306,2026-08-10,GOIBIBO FLIGHT,3221.06,Travel,Expense
307,2026-08-10,RAPIDO BIKE TAXI,848.86,Transport,Expense
308,2026-08-10,SPOTIFY PREMIUM,997.41,Entertainment,Expense
309,2026-08-10,BLINKIT GROCERY,1371.7,Groceries,Expense
310,2026-08-11,ZOMATO ORDER,782.08,Food & Dining,Expense
311,2026-08-12,IRCTC RAIL TICKET,314.96,Transport,Expense
312,2026-08-12,JIO FIBER RECHARGE,846.68,Utilities,Expense
313,2026-08-12,MORE SUPERMARKET,2680.63,Groceries,Expense
314,2026-08-14,NYKAA FASHION*13,4142.04,Shopping,Expense
315,2026-08-14,BYJUS LEARNING,2104.16,Education,Expense
316,2026-08-14,ZEPTO INSTANT,3008.65,Groceries,Expense
317,2026-08-15,FLIPKART INTERNET,1300.41,Shopping,Expense
318,2026-08-15,CCD CAFE COFFEE DAY,894.48,Food & Dining,Expense
319,2026-08-15,BIGBASKET ONLINE,2604.12,Groceries,Expense
320,2026-08-16,STARBUCKS COFFEE,299.76,Food & Dining,Expense
321,2026-08-16,FLIPKART INTERNET,4560.56,Shopping,Expense
322,2026-08-16,STARBUCKS COFFEE,741.73,Food & Dining,Expense
323,2026-08-16,COURSERA SUBSCRIP,6312.35,Education,Expense
324,2026-08-17,CASH DEPOSIT TXN877572,86898.39,Income,Income
325,2026-08-17,BIGBASKET ONLINE,1918.84,Groceries,Expense
326,2026-08-18,RELIANCE FRESH,3090.8,Groceries,Expense
327,2026-08-19,IRCTC RAIL TICKET,539.85,Transport,Expense
328,2026-08-19,AIRTEL POSTPAID,1634.77,Utilities,Expense
329,2026-08-19,SPOTIFY PREMIUM,722.58,Entertainment,Expense
330,2026-08-19,UBER TRIP HELP.UBER.COM,675.98,Transport,Expense
331,2026-08-19,DMART RETAIL,3289.97,Groceries,Expense
332,2026-08-20,AIRBNB STAY,19711.98,Travel,Expense
333,2026-08-20,ZEPTO INSTANT,2984.47,Groceries,Expense
334,2026-08-22,PESU FEE PAYMENT,5360.36,Education,Expense
335,2026-08-22,DMART RETAIL TXN877572,2869.13,Groceries,Expense
336,2026-08-22,NYKAA FASHION,222.23,Shopping,Expense
337,2026-08-22,HOTSTAR DISNEY,600.22,Entertainment,Expense
338,2026-08-22,UDEMY COURSE PAY,6273.45,Education,Expense
339,2026-08-23,OLA CABS BANGALORE,240.91,Transport,Expense
340,2026-08-23,BOOKMYSHOW EVENT,760.79,Entertainment,Expense
341,2026-08-23,DOMINOS PIZZA,254.94,Food & Dining,Expense
342,2026-08-23,BIGBASKET  ONLINE  TXN877572,864.44,Groceries,Expense
343,2026-08-23,MCDONALDS  IN,648.2,Food & Dining,Expense
344,2026-08-24,MYNTRA DESIGNS TXN877572,3234.87,Shopping,Expense
345,2026-08-24,BWSSB WATER BOARD,328.81,Utilities,Expense
346,2026-08-24,BYJUS LEARNING,10121.29,Education,Expense
347,2026-08-25,JIO FIBER RECHARGE,1212.17,Utilities,Expense
348,2026-08-25,SPOTIFY PREMIUM,265.22,Entertainment,Expense
349,2026-08-26,BOOKMYSHOW EVENT,1162.45,Entertainment,Expense
350,2026-08-26,ZOMATO ORDER,330.9,Food & Dining,Expense
351,2026-08-26,UDEMY  COURSE  PAY  REF#2824,13521.79,Education,Expense
352,2026-08-27,BESCOM ELECTRICITY,380.41,Utilities,Expense
428,2026-08-27,NETFLIX.COM,649.0,Entertainment,Expense
429,2026-08-27,SPOTIFY PREMIUM,119.0,Entertainment,Expense
353,2026-08-28,BIGBASKET ONLINE,2781.69,Groceries,Expense
354,2026-08-28,PVR CINEMAS,761.94,Entertainment,Expense
355,2026-08-29,DMART RETAIL,882.17,Groceries,Expense
356,2026-08-29,GOIBIBO_FLIGHT,17373.93,Travel,Expense
357,2026-08-29,ACT FIBERNET,2381.45,Utilities,Expense
358,2026-08-29,STARBUCKS COFFEE TXN877572,510.64,Food & Dining,Expense
416,2026-08-29,NESTAWAY PROPERTY,19199.32,Rent & Housing,Expense
359,2026-08-30,DOMINOS PIZZA,271.77,Food & Dining,Expense
360,2026-08-30,ZOMATO ORDER*13,887.57,Food & Dining,Expense
361,2026-08-30,NOBROKER RENT PAY,19201.71,Rent & Housing,Expense
362,2026-09-01,ACT FIBERNET,1778.16,Utilities,Expense
363,2026-09-04,HOTSTAR DISNEY,471.55,Entertainment,Expense
364,2026-09-04,MAKEMYTRIP BOOKING,2889.39,Travel,Expense
365,2026-09-05,CASH DEPOSIT,63451.82,Income,Income
366,2026-09-05,MORE SUPERMARKET,3168.27,Groceries,Expense
367,2026-09-05,BLINKIT GROCERY,341.61,Groceries,Expense
368,2026-09-05,PVR CINEMAS,265.44,Entertainment,Expense
369,2026-09-05,DMART RETAIL,965.24,Groceries,Expense
370,2026-09-05,FLIPKART INTERNET,327.35,Shopping,Expense
371,2026-09-06,MYNTRA DESIGNS,1445.23,Shopping,Expense
372,2026-09-06,BOOKMYSHOW EVENT,662.58,Entertainment,Expense
373,2026-09-06,OLA CABS BANGALORE,551.75,Transport,Expense
374,2026-09-06,APOLLO PHARMACY,1218.64,Health,Expense
375,2026-09-06,ZEPTO INSTANT REF#2824,2297.28,Groceries,Expense
376,2026-09-07,BMTC BUS PASS,300.3,Transport,Expense
377,2026-09-07,STARBUCKS COFFEE,1143.3,Food & Dining,Expense
378,2026-09-08,BWSSB  WATER  BOARD  REF#2824,2210.63,Utilities,Expense
379,2026-09-09,IRCTC RAIL TICKET*13,278.38,Transport,Expense
380,2026-09-09,NYKAA FASHION,2799.84,Shopping,Expense
381,2026-09-09,NESTAWAY PROPERTY,18769.13,Rent & Housing,Expense
382,2026-09-09,SWIGGY BANGALORE REF#2824,383.68,Food & Dining,Expense
383,2026-09-10,BIGBASKET ONLINE,3450.09,Groceries,Expense
384,2026-09-11,ACT FIBERNET TXN877572,899.08,Utilities,Expense
385,2026-09-13,BLINKIT GROCERY,2073.37,Groceries,Expense
386,2026-09-13,ZOMATO ORDER,816.56,Food & Dining,Expense
387,2026-09-13,PESU FEE PAYMENT,12531.26,Education,Expense
388,2026-09-14,ACT FIBERNET,601.15,Utilities,Expense
389,2026-09-15,BESCOM ELECTRICITY,2311.71,Utilities,Expense
390,2026-09-15,BIGBASKET ONLINE,1640.07,Groceries,Expense
391,2026-09-15,AIRBNB STAY,8279.63,Travel,Expense
392,2026-09-15,BLINKIT GROCERY,1960.54,Groceries,Expense
393,2026-09-15,STARBUCKS COFFEE,151.66,Food & Dining,Expense
394,2026-09-16,CCD CAFE COFFEE DAY,191.08,Food & Dining,Expense
395,2026-09-17,MCDONALDS IN,417.56,Food & Dining,Expense
396,2026-09-17,DOMINOS PIZZA,491.24,Food & Dining,Expense
397,2026-09-18,AMZN MKTP US*2K3,2485.04,Shopping,Expense
398,2026-09-18,RELIANCE FRESH,2423.75,Groceries,Expense
434,2026-09-18,BURGER KING IND,1242.6,Food & Dining,Expense
399,2026-09-19,BLINKIT GROCERY,1139.24,Groceries,Expense
400,2026-09-19,DMART RETAIL,2204.25,Groceries,Expense
401,2026-09-19,1MG HEALTHCARE,395.42,Health,Expense
435,2026-09-19,STARBUCKS COFFEE,1054.85,Food & Dining,Expense
402,2026-09-20,RAPIDO_BIKE_TAXI,113.87,Transport,Expense
403,2026-09-20,JIO FIBER RECHARGE,1902.02,Utilities,Expense
404,2026-09-20,GOIBIBO FLIGHT,10414.34,Travel,Expense
405,2026-09-20,RELIANCE FRESH*13,2502.89,Groceries,Expense
406,2026-09-21,OLA CABS BANGALORE,746.24,Transport,Expense
433,2026-09-21,SWIGGY BANGALORE,1074.77,Food & Dining,Expense
407,2026-09-22,STARBUCKS COFFEE,497.07,Food & Dining,Expense
408,2026-09-22,RAPIDO BIKE TAXI,127.84,Transport,Expense
409,2026-09-22,CULT FIT GYM TXN877572,3685.79,Health,Expense
432,2026-09-22,CCD CAFE COFFEE DAY,1494.44,Food & Dining,Expense
410,2026-09-23,DOMINOS PIZZA TXN877572,590.61,Food & Dining,Expense
417,2026-09-25,HOUSING RENT NEFT,19768.7,Rent & Housing,Expense
430,2026-09-26,NETFLIX.COM,649.0,Entertainment,Expense
431,2026-09-26,SPOTIFY PREMIUM,119.0,Entertainment,Expense
